country,total_admitted,admitted_october,admitted_november,admitted_december,admitted_january,admitted_february,admitted_march,admitted_april,admitted_may,admitted_june,admitted_july,admitted_august,admitted_september,region,region_max,f_year
Angola,5,0,0,0,4,0,0,0,1,0,0,0,0,Africa,20400,2015
Burundi,1186,46,19,2,13,7,82,39,63,81,151,77,606,Africa,20400,2015
Cameroon,8,0,0,0,0,2,0,2,1,0,0,3,0,Africa,20400,2015
Central African Republic,270,69,72,39,19,0,1,1,0,0,0,8,61,Africa,20400,2015
Chad,16,1,1,8,0,0,0,4,1,0,0,0,1,Africa,20400,2015
Congo,52,7,11,13,0,0,2,1,5,10,2,1,0,Africa,20400,2015
Dem. Rep. Congo,7876,625,379,386,241,288,448,554,798,1302,879,824,1152,Africa,20400,2015
Djibouti,2,0,0,0,0,0,2,0,0,0,0,0,0,Africa,20400,2015
Equatorial Guinea,2,0,0,0,0,0,2,0,0,0,0,0,0,Africa,20400,2015
Eritrea,1596,90,94,44,133,266,129,45,39,74,81,123,478,Africa,20400,2015
Ethiopia,626,53,90,28,40,25,34,34,50,29,133,39,71,Africa,20400,2015
Gambia,3,0,0,0,0,0,1,1,1,0,0,0,0,Africa,20400,2015
Guinea,3,0,1,0,0,0,0,0,0,1,0,0,1,Africa,20400,2015
Ivory Coast,28,0,7,0,2,6,1,0,1,0,0,1,10,Africa,20400,2015
Kenya,3,0,1,1,0,0,0,1,0,0,0,0,0,Africa,20400,2015
Liberia,12,0,1,0,2,0,4,1,0,0,4,0,0,Africa,20400,2015
Mali,4,0,0,0,0,0,0,0,2,0,0,1,1,Africa,20400,2015
Namibia,1,0,0,0,0,0,0,0,1,0,0,0,0,Africa,20400,2015
Nigeria,4,0,0,1,1,0,0,1,0,0,0,0,1,Africa,20400,2015
Republic of South Sudan,79,7,0,7,2,0,7,0,2,12,0,18,24,Africa,20400,2015
Rwanda,173,9,4,2,5,30,36,41,4,6,18,5,13,Africa,20400,2015
Senegal,4,0,0,0,0,0,0,1,2,0,0,0,1,Africa,20400,2015
Sierra Leone,6,0,2,2,0,0,2,0,0,0,0,0,0,Africa,20400,2015
Somalia,8858,871,985,945,735,408,481,568,556,677,818,598,1216,Africa,20400,2015
South Africa,2,0,0,0,0,0,0,0,0,1,0,0,1,Africa,20400,2015
Sudan,1578,90,40,98,65,59,78,84,65,89,194,285,431,Africa,20400,2015
Togo,1,1,0,0,0,0,0,0,0,0,0,0,0,Africa,20400,2015
Uganda,67,1,14,2,3,2,11,3,8,0,7,0,16,Africa,20400,2015
Zimbabwe,7,2,0,0,0,1,0,0,2,1,0,0,1,Africa,20400,2015
Burma,18386,1240,1290,1159,1432,1325,1350,1244,1024,1479,1078,1210,4555,East Asia,17300,2015
China,30,3,5,3,2,1,3,3,1,1,0,3,5,East Asia,17300,2015
Indonesia,3,0,0,0,0,0,0,0,0,0,0,0,3,East Asia,17300,2015
"Korea, North",15,0,5,2,1,0,0,0,2,1,4,0,0,East Asia,17300,2015
Vietnam,35,5,1,3,3,0,4,7,3,4,4,1,0,East Asia,17300,2015
Armenia,49,14,5,16,0,0,0,5,5,0,0,0,4,Europe,2300,2015
Azerbaijan,18,6,0,0,3,4,0,0,2,2,1,0,0,Europe,2300,2015
Belarus,98,2,0,16,19,11,7,0,17,10,4,7,5,Europe,2300,2015
Georgia,9,2,0,0,0,0,5,2,0,0,0,0,0,Europe,2300,2015
Kazakhstan,58,12,2,8,4,11,7,2,0,4,3,0,5,Europe,2300,2015
Kyrgyzstan,17,9,0,0,0,0,0,3,0,5,0,0,0,Europe,2300,2015
Moldova,333,28,16,68,44,14,47,29,17,38,6,12,14,Europe,2300,2015
Netherlands,1,0,0,0,0,0,0,0,0,1,0,0,0,Europe,2300,2015
Russia,281,10,30,26,22,25,10,31,43,21,13,25,25,Europe,2300,2015
Turkmenistan,5,0,0,0,0,0,0,0,5,0,0,0,0,Europe,2300,2015
Ukraine,1451,102,79,73,130,161,143,143,94,102,116,90,218,Europe,2300,2015
Uzbekistan,43,11,0,2,9,3,4,5,4,0,0,0,5,Europe,2300,2015
Colombia,521,175,35,8,55,0,46,89,3,25,45,11,29,Latin America/Caribbean,2300,2015
Cuba,1527,267,152,141,206,56,150,121,106,136,93,48,51,Latin America/Caribbean,2300,2015
Ecuador,1,0,0,0,0,0,0,1,0,0,0,0,0,Latin America/Caribbean,2300,2015
Jamaica,1,0,0,0,1,0,0,0,0,0,0,0,0,Latin America/Caribbean,2300,2015
Afghanistan,910,47,44,44,43,57,119,96,61,69,89,75,166,Near East/South Asia,27700,2015
Bangladesh,3,0,0,0,0,0,0,1,0,0,0,2,0,Near East/South Asia,27700,2015
Bhutan,5775,370,500,429,342,427,455,326,0,689,749,921,567,Near East/South Asia,27700,2015
Egypt,13,2,0,0,1,0,2,3,0,3,0,1,1,Near East/South Asia,27700,2015
India,1,0,0,0,0,0,0,0,0,0,0,0,1,Near East/South Asia,27700,2015
Iran,3109,309,148,190,310,58,210,249,213,278,200,337,607,Near East/South Asia,27700,2015
Iraq,12676,1790,1573,1316,1585,524,735,706,554,573,706,836,1778,Near East/South Asia,27700,2015
Jordan,2,0,0,0,0,0,1,0,0,1,0,0,0,Near East/South Asia,27700,2015
Kuwait,4,2,1,0,1,0,0,0,0,0,0,0,0,Near East/South Asia,27700,2015
Lebanon,3,0,3,0,0,0,0,0,0,0,0,0,0,Near East/South Asia,27700,2015
Nepal,26,0,0,2,3,4,0,4,1,6,0,0,6,Near East/South Asia,27700,2015
Pakistan,159,1,5,8,5,7,9,15,47,19,18,5,20,Near East/South Asia,27700,2015
Palestine,99,10,10,9,17,12,2,18,0,14,1,1,5,Near East/South Asia,27700,2015
Saudi Arabia,3,0,0,0,0,0,0,0,3,0,0,0,0,Near East/South Asia,27700,2015
Sri Lanka (Ceylon),89,8,1,8,0,10,0,17,1,0,6,1,37,Near East/South Asia,27700,2015
Syria,1682,51,61,52,85,110,152,140,50,157,184,251,389,Near East/South Asia,27700,2015
Tunisia,7,0,0,0,4,0,2,0,0,0,0,0,1,Near East/South Asia,27700,2015
Turkey,2,0,0,0,2,0,0,0,0,0,0,0,0,Near East/South Asia,27700,2015
Yemen,16,4,7,0,2,0,2,0,0,0,0,0,1,Near East/South Asia,27700,2015
,,0,0,0,0,0,0,0,0,0,0,0,0,Unallocated Reserve Region,0,2015
Grand Totals,69933,6352,5694,5161,5596,3914,4786,4641,3858,5921,5607,5820,12583,Unallocated Reserve Region,0,2015
Burundi,68,0,2,0,1,16,5,0,6,2,22,11,3,Africa,17500,2014
Cameroon,5,0,0,0,0,2,0,0,0,1,0,0,2,Africa,17500,2014
Central African Republic,25,0,3,2,0,0,0,3,0,0,0,0,17,Africa,17500,2014
Chad,21,0,0,0,0,0,0,0,0,0,0,0,21,Africa,17500,2014
Congo,30,0,2,1,4,0,0,1,0,2,8,12,0,Africa,17500,2014
Dem. Rep. Congo,4540,40,353,409,213,180,186,178,329,742,944,628,338,Africa,17500,2014
Eritrea,1488,42,115,150,84,243,208,70,62,136,133,117,128,Africa,17500,2014
Ethiopia,728,24,135,53,71,50,27,63,26,40,87,79,73,Africa,17500,2014
Gabon,1,0,0,0,0,0,0,0,1,0,0,0,0,Africa,17500,2014
Gambia,1,0,0,0,0,1,0,0,0,0,0,0,0,Africa,17500,2014
Guinea,9,0,0,0,0,8,0,1,0,0,0,0,0,Africa,17500,2014
Ivory Coast,42,0,10,0,2,7,6,0,0,13,4,0,0,Africa,17500,2014
Kenya,21,0,6,0,4,1,6,0,0,0,3,1,0,Africa,17500,2014
Liberia,31,0,2,2,4,0,9,6,0,1,2,5,0,Africa,17500,2014
Mali,2,0,0,0,0,0,0,0,0,0,2,0,0,Africa,17500,2014
Mauritania,4,0,0,0,0,4,0,0,0,0,0,0,0,Africa,17500,2014
Nigeria,4,0,1,3,0,0,0,0,0,0,0,0,0,Africa,17500,2014
Republic of South Sudan,57,0,7,7,16,6,3,0,0,7,0,5,6,Africa,17500,2014
Rwanda,45,0,12,0,3,2,8,6,0,0,0,0,14,Africa,17500,2014
Sierra Leone,6,0,0,0,0,1,2,0,1,2,0,0,0,Africa,17500,2014
Somalia,9000,124,1070,550,655,627,682,800,507,1065,1246,952,722,Africa,17500,2014
Sudan,1315,91,236,173,156,135,70,52,81,78,96,67,80,Africa,17500,2014
Tanzania,1,0,1,0,0,0,0,0,0,0,0,0,0,Africa,17500,2014
Togo,26,0,2,0,0,20,0,0,0,4,0,0,0,Africa,17500,2014
Uganda,5,0,0,0,0,0,0,0,0,0,0,3,2,Africa,17500,2014
Zimbabwe,1,0,0,0,0,1,0,0,0,0,0,0,0,Africa,17500,2014
Burma,14598,319,901,1096,1226,1326,1913,1426,1353,1427,1354,825,1432,East Asia,14700,2014
Cambodia,44,0,8,4,0,4,11,6,2,9,0,0,0,East Asia,14700,2014
China,53,2,8,4,1,7,8,0,2,0,10,5,6,East Asia,14700,2014
Indonesia,1,0,0,0,0,0,0,0,1,0,0,0,0,East Asia,14700,2014
"Korea, North",8,0,0,0,1,0,2,1,0,0,4,0,0,East Asia,14700,2014
Philippines,1,0,1,0,0,0,0,0,0,0,0,0,0,East Asia,14700,2014
Vietnam,79,0,5,3,2,6,14,0,10,6,29,1,3,East Asia,14700,2014
Armenia,10,0,0,0,0,4,0,0,0,2,4,0,0,Europe,1000,2014
Azerbaijan,15,0,0,0,0,0,0,0,0,0,5,6,4,Europe,1000,2014
Belarus,46,0,0,4,2,6,2,8,7,13,0,0,4,Europe,1000,2014
Georgia,13,0,0,0,0,0,0,13,0,0,0,0,0,Europe,1000,2014
Kazakhstan,24,0,0,0,1,0,4,2,0,11,6,0,0,Europe,1000,2014
Kyrgyzstan,8,0,0,0,0,2,0,0,6,0,0,0,0,Europe,1000,2014
Moldova,142,0,11,2,13,14,16,24,22,10,13,6,11,Europe,1000,2014
Russia,139,0,2,5,11,15,9,5,12,16,19,26,19,Europe,1000,2014
Turkmenistan,2,0,0,0,0,1,0,0,0,0,0,1,0,Europe,1000,2014
Ukraine,490,8,55,14,16,14,12,23,29,106,118,63,32,Europe,1000,2014
United Kingdom,1,0,0,0,0,0,0,0,0,0,0,0,1,Europe,1000,2014
Uzbekistan,69,7,4,6,3,15,0,6,7,16,5,0,0,Europe,1000,2014
Colombia,252,0,0,9,60,36,99,0,4,14,25,0,5,Latin America/Caribbean,4300,2014
Cuba,4062,136,386,397,449,477,309,293,269,400,443,257,246,Latin America/Caribbean,4300,2014
Haiti,4,0,0,0,0,0,0,0,0,0,4,0,0,Latin America/Caribbean,4300,2014
Afghanistan,753,30,123,39,78,75,37,38,37,94,88,45,69,Near East/South Asia,32500,2014
Algeria,2,0,0,2,0,0,0,0,0,0,0,0,0,Near East/South Asia,32500,2014
Bangladesh,2,0,0,0,0,2,0,0,0,0,0,0,0,Near East/South Asia,32500,2014
Bhutan,8434,269,983,1005,712,758,697,709,872,796,593,613,427,Near East/South Asia,32500,2014
Egypt,21,4,2,0,0,0,0,4,2,2,0,6,1,Near East/South Asia,32500,2014
India,7,0,3,0,0,0,0,3,0,0,0,0,1,Near East/South Asia,32500,2014
Iran,2846,130,390,143,356,334,117,112,209,534,177,238,106,Near East/South Asia,32500,2014
Iraq,19769,564,1676,1871,1820,2085,1378,905,1361,2147,2351,1613,1998,Near East/South Asia,32500,2014
Jordan,7,4,0,0,0,0,0,0,0,1,0,0,2,Near East/South Asia,32500,2014
Kuwait,12,0,0,0,0,0,0,3,5,0,0,0,4,Near East/South Asia,32500,2014
Lebanon,1,0,0,0,0,0,0,0,1,0,0,0,0,Near East/South Asia,32500,2014
Nepal,47,0,16,1,1,2,3,6,3,4,3,5,3,Near East/South Asia,32500,2014
Pakistan,240,4,13,8,14,40,17,14,24,18,31,8,49,Near East/South Asia,32500,2014
Palestine,141,0,22,21,13,10,24,0,4,28,0,14,5,Near East/South Asia,32500,2014
Saudi Arabia,1,0,0,0,0,0,0,0,0,1,0,0,0,Near East/South Asia,32500,2014
Sri Lanka (Ceylon),57,0,6,0,11,5,0,5,0,9,8,7,6,Near East/South Asia,32500,2014
Syria,105,12,8,0,2,3,1,0,16,4,17,15,27,Near East/South Asia,32500,2014
Tunisia,2,0,0,0,1,0,0,0,0,0,0,1,0,Near East/South Asia,32500,2014
Yemen,3,0,0,0,0,0,0,0,0,1,2,0,0,Near East/South Asia,32500,2014
,,0,0,0,0,0,0,0,0,0,0,0,0,Unallocated Reserve Region,0,2014
Grand Totals,69987,1810,6580,5984,6006,6545,5885,4786,5271,7762,7856,5635,5867,Unallocated Reserve Region,0,2014
Angola,6,0,0,0,0,6,0,0,0,0,0,0,0,Africa,15950,2013
Burundi,193,0,27,6,2,25,35,22,9,32,25,0,10,Africa,15950,2013
Central African Republic,318,7,0,0,0,0,9,77,42,39,34,43,67,Africa,15950,2013
Chad,32,1,0,3,0,1,16,7,0,0,0,4,0,Africa,15950,2013
Congo,161,12,8,27,4,21,40,0,5,12,0,9,23,Africa,15950,2013
Dem. Rep. Congo,2563,137,433,203,91,303,243,165,236,262,172,53,265,Africa,15950,2013
Eritrea,1824,243,199,271,104,165,157,135,132,83,101,88,146,Africa,15950,2013
Ethiopia,765,36,139,130,64,38,70,36,64,33,53,41,61,Africa,15950,2013
Gambia,11,2,0,0,0,4,0,0,0,0,5,0,0,Africa,15950,2013
Guinea,9,1,0,0,1,0,0,0,4,3,0,0,0,Africa,15950,2013
Ivory Coast,20,0,0,1,1,1,1,0,2,8,0,0,6,Africa,15950,2013
Kenya,5,2,1,0,0,1,0,1,0,0,0,0,0,Africa,15950,2013
Liberia,94,2,2,13,0,4,9,1,10,12,28,11,2,Africa,15950,2013
Mali,2,0,1,0,0,1,0,0,0,0,0,0,0,Africa,15950,2013
Nigeria,2,0,0,0,0,0,0,2,0,0,0,0,0,Africa,15950,2013
Republic of South Sudan,17,0,1,0,1,0,0,0,6,0,1,8,0,Africa,15950,2013
Rwanda,139,7,8,11,5,11,33,4,10,10,7,12,21,Africa,15950,2013
Senegal,2,0,0,0,0,1,0,1,0,0,0,0,0,Africa,15950,2013
Sierra Leone,4,0,1,0,0,1,0,0,0,1,1,0,0,Africa,15950,2013
Somalia,7608,479,692,731,358,554,860,713,534,534,730,494,929,Africa,15950,2013
Sudan,2160,170,309,137,88,212,68,174,111,81,208,190,412,Africa,15950,2013
Togo,18,5,0,0,0,0,0,0,13,0,0,0,0,Africa,15950,2013
Uganda,15,0,6,0,0,0,1,0,0,3,0,0,5,Africa,15950,2013
Zimbabwe,12,0,0,0,0,2,1,0,0,2,0,0,7,Africa,15950,2013
Burma,16299,1347,1449,1239,1525,1451,1250,1075,1423,1310,1485,1217,1528,East Asia,16600,2013
Cambodia,30,0,0,0,0,0,0,4,13,6,5,0,2,East Asia,16600,2013
China,86,2,5,2,3,3,4,3,21,27,7,0,9,East Asia,16600,2013
"Korea, North",17,0,0,3,0,4,4,1,0,1,3,0,1,East Asia,16600,2013
Thailand,4,0,0,0,0,0,0,0,1,1,1,0,1,East Asia,16600,2013
Tibet,15,0,0,9,0,0,0,0,0,4,2,0,0,East Asia,16600,2013
Vietnam,86,17,13,1,11,4,10,5,6,4,8,2,5,East Asia,16600,2013
Armenia,3,0,0,0,0,0,1,0,0,0,0,2,0,Europe,650,2013
Azerbaijan,3,0,0,3,0,0,0,0,0,0,0,0,0,Europe,650,2013
Belarus,10,2,2,0,2,2,1,0,0,1,0,0,0,Europe,650,2013
Bulgaria,1,0,0,0,0,1,0,0,0,0,0,0,0,Europe,650,2013
Georgia,1,0,0,0,0,0,0,0,0,0,0,1,0,Europe,650,2013
Kazakhstan,11,1,5,0,0,0,0,5,0,0,0,0,0,Europe,650,2013
Kyrgyzstan,19,9,3,0,0,4,0,0,0,3,0,0,0,Europe,650,2013
Moldova,119,26,12,19,7,20,10,10,7,0,0,7,1,Europe,650,2013
Russia,125,7,25,7,9,10,30,11,0,12,6,5,3,Europe,650,2013
Tajikistan,2,0,0,0,0,2,0,0,0,0,0,0,0,Europe,650,2013
Turkmenistan,8,0,0,0,0,8,0,0,0,0,0,0,0,Europe,650,2013
Ukraine,227,39,31,25,12,26,17,19,5,11,7,16,19,Europe,650,2013
Uzbekistan,51,22,2,5,1,4,6,6,4,1,0,0,0,Europe,650,2013
Canada,1,0,1,0,0,0,0,0,0,0,0,0,0,Latin America/Caribbean,4400,2013
Colombia,230,18,29,6,0,2,1,21,55,0,13,28,57,Latin America/Caribbean,4400,2013
Cuba,4205,316,380,327,216,290,334,336,407,375,436,384,404,Latin America/Caribbean,4400,2013
Venezuela,3,0,3,0,0,0,0,0,0,0,0,0,0,Latin America/Caribbean,4400,2013
Afghanistan,661,48,46,81,24,29,25,71,56,97,34,34,116,Near East/South Asia,32400,2013
Bangladesh,1,0,0,0,1,0,0,0,0,0,0,0,0,Near East/South Asia,32400,2013
Bhutan,9134,713,893,734,452,666,807,802,884,916,640,714,913,Near East/South Asia,32400,2013
Egypt,3,1,0,0,0,0,0,0,0,0,0,2,0,Near East/South Asia,32400,2013
India,3,0,0,1,0,1,0,0,0,0,0,0,1,Near East/South Asia,32400,2013
Iran,2578,187,308,211,226,203,87,192,144,319,162,233,306,Near East/South Asia,32400,2013
Iraq,19488,1826,1873,1333,998,1476,2000,1560,1330,1626,1578,1888,2000,Near East/South Asia,32400,2013
Jordan,13,0,1,0,0,1,1,4,2,0,0,1,3,Near East/South Asia,32400,2013
Kuwait,12,0,1,0,0,0,0,0,10,1,0,0,0,Near East/South Asia,32400,2013
Libya,1,0,0,0,0,1,0,0,0,0,0,0,0,Near East/South Asia,32400,2013
Nepal,34,4,0,0,0,1,5,3,4,6,2,6,3,Near East/South Asia,32400,2013
Pakistan,158,11,2,11,4,16,10,32,28,12,11,19,2,Near East/South Asia,32400,2013
Palestine,164,11,17,17,1,22,17,16,12,19,1,20,11,Near East/South Asia,32400,2013
Sri Lanka (Ceylon),92,4,6,0,6,23,0,20,11,3,4,9,6,Near East/South Asia,32400,2013
Syria,36,0,6,5,1,1,1,1,9,0,1,8,3,Near East/South Asia,32400,2013
Yemen,12,7,0,0,0,4,0,0,1,0,0,0,0,Near East/South Asia,32400,2013
,,0,0,0,0,0,0,0,0,0,0,0,0,Unallocated Reserve Region,0,2013
Grand Totals,69926,5722,6940,5572,4218,5626,6164,5535,5611,5870,5771,5549,7348,Unallocated Reserve Region,0,2013
Burundi,186,18,17,1,12,5,7,37,29,12,7,23,18,Africa,12000,2012
Cameroon,7,0,0,0,0,0,0,1,0,0,0,1,5,Africa,12000,2012
Central African Republic,136,24,10,2,8,0,1,38,52,0,1,0,0,Africa,12000,2012
Chad,12,0,0,0,0,3,6,0,3,0,0,0,0,Africa,12000,2012
Congo,102,7,0,1,1,0,14,28,42,5,0,4,0,Africa,12000,2012
Dem. Rep. Congo,1863,104,209,191,73,113,93,168,359,133,34,112,274,Africa,12000,2012
Eritrea,1346,73,80,87,62,174,59,105,126,103,142,126,209,Africa,12000,2012
Ethiopia,620,9,60,36,62,86,37,31,58,80,65,35,61,Africa,12000,2012
Gabon,1,0,0,1,0,0,0,0,0,0,0,0,0,Africa,12000,2012
Gambia,2,0,0,0,0,2,0,0,0,0,0,0,0,Africa,12000,2012
Ivory Coast,33,0,0,1,2,0,24,1,0,0,5,0,0,Africa,12000,2012
Kenya,23,0,0,0,0,9,0,0,4,0,0,0,10,Africa,12000,2012
Liberia,69,11,2,17,2,3,0,8,9,4,3,7,3,Africa,12000,2012
Niger,4,0,0,0,0,0,0,0,0,4,0,0,0,Africa,12000,2012
Nigeria,2,0,0,0,2,0,0,0,0,0,0,0,0,Africa,12000,2012
Republic of South Sudan,1,0,0,0,0,0,0,0,0,0,0,0,1,Africa,12000,2012
Rwanda,157,0,9,9,18,46,6,27,17,12,1,0,12,Africa,12000,2012
Senegal,5,0,0,0,0,0,0,2,0,3,0,0,0,Africa,12000,2012
Sierra Leone,1,1,0,0,0,0,0,0,0,0,0,0,0,Africa,12000,2012
Somalia,4911,257,385,278,347,441,380,415,499,519,297,366,727,Africa,12000,2012
South Africa,1,0,0,0,1,0,0,0,0,0,0,0,0,Africa,12000,2012
Sudan,1077,88,46,30,91,75,52,101,92,101,191,100,110,Africa,12000,2012
Tanzania,2,0,2,0,0,0,0,0,0,0,0,0,0,Africa,12000,2012
Togo,26,0,8,0,0,0,0,9,5,4,0,0,0,Africa,12000,2012
Uganda,18,4,0,0,2,0,8,0,0,4,0,0,0,Africa,12000,2012
Zimbabwe,3,0,0,1,0,0,0,0,0,0,0,0,2,Africa,12000,2012
Burma,14160,1191,706,1186,1067,1347,703,741,1074,806,1488,1675,2176,East Asia,18000,2012
Cambodia,6,5,0,0,0,0,0,1,0,0,0,0,0,East Asia,18000,2012
China,45,2,4,3,2,7,4,2,0,2,2,8,9,East Asia,18000,2012
"Korea, North",22,2,0,0,2,0,0,0,2,5,6,4,1,East Asia,18000,2012
Laos,21,3,0,0,0,3,3,0,0,10,2,0,0,East Asia,18000,2012
Thailand,3,0,0,0,0,0,0,0,0,0,0,0,3,East Asia,18000,2012
Tibet,9,0,0,0,0,0,4,0,0,0,0,0,5,East Asia,18000,2012
Vietnam,100,8,15,21,8,1,8,0,9,9,0,4,17,East Asia,18000,2012
Armenia,8,0,0,0,0,8,0,0,0,0,0,0,0,Europe,2000,2012
Azerbaijan,10,1,0,0,3,0,6,0,0,0,0,0,0,Europe,2000,2012
Belarus,83,5,11,5,7,8,6,2,6,10,0,6,17,Europe,2000,2012
Estonia,1,0,0,0,0,0,0,0,0,0,0,0,1,Europe,2000,2012
Georgia,7,0,0,3,4,0,0,0,0,0,0,0,0,Europe,2000,2012
Kazakhstan,7,2,0,0,0,0,0,5,0,0,0,0,0,Europe,2000,2012
Kyrgyzstan,49,0,6,0,0,0,0,0,0,15,6,9,13,Europe,2000,2012
Moldova,255,8,10,0,52,57,57,0,11,5,0,28,27,Europe,2000,2012
Russia,197,9,22,7,8,27,9,5,8,14,29,30,29,Europe,2000,2012
Ukraine,372,52,39,30,50,13,29,33,26,22,22,25,31,Europe,2000,2012
Uzbekistan,140,2,9,19,2,0,0,0,0,5,12,28,63,Europe,2000,2012
Colombia,126,0,6,0,4,11,10,15,12,0,32,32,4,Latin America/Caribbean,5500,2012
Cuba,1948,90,79,95,176,175,165,153,152,193,178,204,288,Latin America/Caribbean,5500,2012
Venezuela,4,0,0,0,0,0,2,0,0,0,0,2,0,Latin America/Caribbean,5500,2012
Afghanistan,481,25,33,20,58,18,16,28,39,59,31,31,123,Near East/South Asia,35500,2012
Bhutan,15070,925,1046,980,980,1215,792,1280,1471,1384,1532,1958,1507,Near East/South Asia,35500,2012
Egypt,13,4,0,0,0,0,0,0,0,0,5,0,4,Near East/South Asia,35500,2012
Gaza Strip,7,0,0,0,7,0,0,0,0,0,0,0,0,Near East/South Asia,35500,2012
India,2,1,1,0,0,0,0,0,0,0,0,0,0,Near East/South Asia,35500,2012
Iran,1758,179,198,114,202,99,88,111,49,56,189,209,264,Near East/South Asia,35500,2012
Iraq,12163,419,254,153,541,494,640,954,1149,1600,1880,1891,2188,Near East/South Asia,35500,2012
Jordan,3,0,0,1,0,1,1,0,0,0,0,0,0,Near East/South Asia,35500,2012
Kuwait,3,0,0,0,0,0,0,0,0,0,3,0,0,Near East/South Asia,35500,2012
Libya,5,0,0,0,0,0,0,0,0,5,0,0,0,Near East/South Asia,35500,2012
Morocco,2,0,0,0,0,0,0,0,0,0,1,1,0,Near East/South Asia,35500,2012
Nepal,47,3,0,1,7,15,5,1,0,9,0,5,1,Near East/South Asia,35500,2012
Pakistan,274,9,19,29,19,33,17,27,24,19,42,15,21,Near East/South Asia,35500,2012
Palestine,141,3,13,0,14,6,3,4,6,22,15,35,20,Near East/South Asia,35500,2012
Saudi Arabia,1,0,1,0,0,0,0,0,0,0,0,0,0,Near East/South Asia,35500,2012
Sri Lanka (Ceylon),55,7,4,2,0,4,0,9,4,7,3,7,8,Near East/South Asia,35500,2012
Syria,31,1,0,0,1,5,0,3,1,2,5,8,5,Near East/South Asia,35500,2012
Tunisia,1,0,0,0,0,0,0,0,1,0,0,0,0,Near East/South Asia,35500,2012
,,0,0,0,0,0,0,0,0,0,0,0,0,Unallocated Reserve Region,3000,2012
Grand Totals,58238,3552,3304,3324,3897,4504,3255,4345,5339,5243,6229,6989,8257,Unallocated Reserve Region,3000,2012
,,,,,,,,,,,,,,Country of Chargeability,,2011
,,,,,,,,,,,,,,Fiscal Year 2011,,2011
,,,,,,,,,,,,,,Africa,,2011
Angola,2,0,0,0,1,0,0,0,0,1,0,0,0,Africa,,2011
Burundi,110,7,6,4,16,15,4,9,23,16,4,1,5,Africa,,2011
Central African Republic,182,13,22,0,15,0,0,0,9,4,37,78,4,Africa,,2011
Chad,25,2,21,0,0,0,0,2,0,0,0,0,0,Africa,,2011
Congo,27,3,0,0,2,3,1,1,2,10,2,3,0,Africa,,2011
Dem. Rep. Congo,977,77,87,111,112,109,34,40,20,25,93,64,205,Africa,,2011
Eritrea,2032,98,120,237,250,182,35,98,79,73,179,257,424,Africa,,2011
Ethiopia,560,22,27,22,46,55,12,21,87,55,79,94,40,Africa,,2011
Gabon,3,0,0,0,0,0,0,0,2,0,0,0,1,Africa,,2011
Gambia,7,0,0,0,6,0,0,0,0,0,0,1,0,Africa,,2011
Ghana,1,0,0,0,0,0,0,0,0,0,1,0,0,Africa,,2011
Guinea,1,0,0,0,0,1,0,0,0,0,0,0,0,Africa,,2011
Guinea - Bissau,4,0,0,4,0,0,0,0,0,0,0,0,0,Africa,,2011
Ivory Coast,7,1,0,0,0,0,0,0,0,0,5,1,0,Africa,,2011
Kenya,1,0,0,0,0,0,0,0,1,0,0,0,0,Africa,,2011
Liberia,121,8,6,5,3,10,11,4,16,8,2,26,22,Africa,,2011
Mauritania,3,0,0,0,0,0,0,3,0,0,0,0,0,Africa,,2011
Nigeria,1,0,0,0,1,0,0,0,0,0,0,0,0,Africa,,2011
Rwanda,74,5,1,0,26,14,0,3,0,2,1,9,13,Africa,,2011
Senegal,1,0,0,0,0,0,0,0,0,0,0,1,0,Africa,,2011
Sierra Leone,28,5,0,4,6,6,3,2,1,0,1,0,0,Africa,,2011
Somalia,3161,164,171,293,191,205,51,232,329,169,241,319,796,Africa,,2011
Sudan,334,26,9,21,51,5,10,18,9,12,73,62,38,Africa,,2011
Togo,5,1,1,0,0,0,2,0,0,0,0,1,0,Africa,,2011
Uganda,10,2,0,0,0,1,0,7,0,0,0,0,0,East Asia,,2011
Zimbabwe,8,0,4,0,2,0,2,0,0,0,0,0,0,East Asia,,2011
Burma,16972,1311,1742,1289,1345,1534,873,861,1221,1704,2209,1728,1155,East Asia,,2011
Cambodia,5,0,0,0,0,0,0,0,0,0,5,0,0,East Asia,,2011
China,28,1,1,1,0,1,8,0,0,8,6,0,2,East Asia,,2011
Indonesia,1,0,0,0,0,0,0,0,0,0,0,0,1,East Asia,,2011
"Korea, North",23,2,4,3,6,2,2,0,0,2,0,1,1,East Asia,,2011
Laos,211,6,55,38,29,59,3,11,7,0,0,3,0,East Asia,,2011
Malaysia,4,0,0,0,0,0,0,3,0,1,0,0,0,East Asia,,2011
Thailand,4,0,0,2,0,0,0,0,0,0,1,1,0,Europe,,2011
Vietnam,119,17,19,7,18,16,15,9,5,0,13,0,0,Europe,,2011
Armenia,15,3,0,0,0,0,0,0,2,0,0,10,0,Europe,,2011
Azerbaijan,16,0,8,3,3,0,0,0,0,2,0,0,0,Europe,,2011
Belarus,66,0,8,4,7,2,6,10,0,6,0,10,13,Europe,,2011
Georgia,20,0,0,6,2,0,0,0,0,0,0,12,0,Europe,,2011
Kazakhstan,53,0,0,0,11,11,4,17,5,3,2,0,0,Europe,,2011
Kyrgyzstan,30,0,21,0,4,4,0,0,0,0,0,0,1,Europe,,2011
Latvia,4,0,0,0,2,0,2,0,0,0,0,0,0,Europe,,2011
Moldova,331,0,9,37,17,51,26,20,16,40,0,53,62,Europe,,2011
Netherlands,1,0,0,0,0,0,0,0,0,0,0,1,0,Europe,,2011
Russia,165,8,20,14,13,14,14,12,6,7,14,28,15,Europe,,2011
Sweden,1,0,0,0,0,0,0,0,0,0,1,0,0,Europe,,2011
Turkmenistan,2,0,0,0,0,0,0,0,0,2,0,0,0,Europe,,2011
Ukraine,428,30,38,23,30,19,34,45,27,13,28,46,95,Latin America/Caribbean,,2011
Uzbekistan,96,3,26,14,7,17,2,2,6,11,6,0,2,Latin America/Caribbean,,2011
Colombia,46,0,0,3,0,4,1,0,16,1,0,0,21,Latin America/Caribbean,,2011
Cuba,2920,342,347,344,405,319,2,80,120,328,181,297,155,Latin America/Caribbean,,2011
Guatemala,5,0,0,0,0,5,0,0,0,0,0,0,0,Near East/South Asia,,2011
Honduras,5,0,0,0,3,2,0,0,0,0,0,0,0,Near East/South Asia,,2011
Afghanistan,428,21,51,42,22,9,21,7,44,24,63,44,80,Near East/South Asia,,2011
Bhutan,14999,972,1033,1210,1243,1524,690,415,542,1479,1708,2035,2148,Near East/South Asia,,2011
Egypt,6,0,0,3,0,0,0,0,0,0,1,2,0,Near East/South Asia,,2011
India,5,0,0,1,0,0,0,0,2,1,1,0,0,Near East/South Asia,,2011
Iran,2032,172,94,157,253,162,20,61,223,350,199,169,172,Near East/South Asia,,2011
Iraq,9388,1405,1589,881,1214,779,111,184,418,298,665,1020,824,Near East/South Asia,,2011
Jordan,3,0,0,0,0,0,1,0,0,0,0,1,1,Near East/South Asia,,2011
Kuwait,5,0,0,0,5,0,0,0,0,0,0,0,0,Near East/South Asia,,2011
Lebanon,2,0,1,0,0,0,1,0,0,0,0,0,0,Near East/South Asia,,2011
Libya,1,0,0,0,0,0,0,0,0,0,1,0,0,Near East/South Asia,,2011
Nepal,10,0,0,0,4,0,0,0,0,0,0,0,6,Near East/South Asia,,2011
Pakistan,54,0,0,0,0,0,0,0,4,9,14,14,13,Near East/South Asia,,2011
Palestine,136,24,28,14,3,8,20,12,5,5,4,10,3,Near East/South Asia,,2011
Sri Lanka (Ceylon),69,13,0,9,9,0,9,0,0,4,10,4,11,Near East/South Asia,,2011
Syria,29,0,2,5,2,1,4,0,7,1,5,2,0,Unallocated Reserve Region,,2011
Tunisia,1,0,0,0,0,0,0,1,0,0,0,0,0,Unallocated Reserve Region,,2011
,,0,0,0,0,0,0,0,0,0,0,0,0,Country of Chargeability,,2011
Grand Totals,56424,4764,5571,4811,5385,5149,2034,2190,3254,4674,5855,6408,6329,Africa,,2011
Benin,1,0,0,0,0,0,0,0,0,0,0,1,0,Africa,15500,2010
Burkina Faso (UVolta),1,0,0,0,0,0,0,0,0,0,0,0,1,Africa,15500,2010
Burundi,530,45,8,59,32,22,35,19,40,95,77,45,53,Africa,15500,2010
Cameroon,6,0,0,1,1,3,1,0,0,0,0,0,0,Africa,15500,2010
Central African Republic,45,0,9,0,0,2,0,0,7,0,1,0,26,Africa,15500,2010
Chad,28,0,8,0,0,1,0,8,3,0,0,0,8,Africa,15500,2010
Congo,154,32,42,11,13,19,5,8,24,0,0,0,0,Africa,15500,2010
Dem. Rep. Congo,3174,101,67,121,389,556,98,259,326,292,356,138,471,Africa,15500,2010
Equatorial Guinea,9,0,9,0,0,0,0,0,0,0,0,0,0,Africa,15500,2010
Eritrea,2570,229,103,176,48,95,232,173,110,255,356,331,462,Africa,15500,2010
Ethiopia,668,17,18,41,6,70,32,24,34,35,85,106,200,Africa,15500,2010
Gabon,2,0,0,0,0,1,0,0,0,0,0,0,1,Africa,15500,2010
Gambia,10,0,1,0,0,0,3,1,0,0,2,0,3,Africa,15500,2010
Guinea,9,0,0,0,2,1,0,0,0,0,0,0,6,Africa,15500,2010
Ivory Coast,4,0,0,0,0,0,0,1,0,3,0,0,0,Africa,15500,2010
Liberia,244,52,23,7,7,22,48,21,21,14,11,4,14,Africa,15500,2010
Mauritania,74,0,8,0,23,0,1,0,0,3,22,0,17,Africa,15500,2010
Nigeria,2,0,0,0,0,0,0,0,0,1,0,0,1,Africa,15500,2010
Rwanda,230,10,0,24,17,24,3,13,25,20,39,6,49,Africa,15500,2010
Senegal,2,0,0,0,0,0,0,2,0,0,0,0,0,Africa,15500,2010
Sierra Leone,54,11,4,0,8,1,5,2,0,1,3,5,14,Africa,15500,2010
Somalia,4884,400,270,441,192,376,291,171,516,344,506,591,786,Africa,15500,2010
Sudan,558,51,27,31,41,45,34,51,28,30,35,39,146,Africa,15500,2010
Togo,9,0,1,0,0,0,0,0,1,0,0,0,7,Africa,15500,2010
Uganda,30,3,0,8,0,4,0,0,5,1,1,3,5,Africa,15500,2010
Zimbabwe,7,0,0,5,0,1,1,0,0,0,0,0,0,Africa,15500,2010
Burma,16693,1421,1283,1155,1216,1294,1362,1366,1416,1916,1667,1234,1363,East Asia,18000,2010
Cambodia,9,1,0,1,0,7,0,0,0,0,0,0,0,East Asia,18000,2010
China,72,14,1,11,4,10,16,6,3,0,4,2,1,East Asia,18000,2010
"Korea, North",8,0,0,0,0,0,1,5,0,0,0,0,2,East Asia,18000,2010
Laos,36,0,0,0,5,0,0,0,0,8,11,0,12,East Asia,18000,2010
Malaysia,2,0,0,0,0,0,2,0,0,0,0,0,0,East Asia,18000,2010
Thailand,5,0,0,0,1,1,0,3,0,0,0,0,0,East Asia,18000,2010
Vietnam,891,97,165,202,107,74,67,28,78,14,21,14,24,East Asia,18000,2010
Armenia,1,0,0,0,0,0,0,0,0,0,0,0,1,Europe,2500,2010
Azerbaijan,18,0,4,4,0,1,5,3,0,1,0,0,0,Europe,2500,2010
Belarus,103,2,6,25,0,6,3,10,16,5,21,7,2,Europe,2500,2010
Georgia,4,0,0,0,0,0,3,0,1,0,0,0,0,Europe,2500,2010
Kazakhstan,46,0,19,0,5,14,5,0,0,3,0,0,0,Europe,2500,2010
Kyrgyzstan,27,12,0,2,5,0,0,0,0,0,0,8,0,Europe,2500,2010
Lithuania,4,0,0,1,0,0,0,0,0,0,0,0,3,Europe,2500,2010
Moldova,356,32,33,80,54,26,17,18,26,30,0,27,13,Europe,2500,2010
Russia,326,25,54,24,28,21,28,17,18,34,25,32,20,Europe,2500,2010
Tajikistan,3,0,0,0,0,0,0,0,0,0,3,0,0,Europe,2500,2010
Turkmenistan,4,0,0,0,0,1,0,3,0,0,0,0,0,Europe,2500,2010
Ukraine,449,26,40,46,41,43,41,31,45,39,25,40,32,Europe,2500,2010
Uzbekistan,185,0,13,21,13,17,22,27,9,5,8,8,42,Europe,2500,2010
Colombia,123,4,22,4,0,8,1,7,20,12,0,6,39,Latin America/Caribbean,5500,2010
Cuba,4818,275,360,351,434,497,511,457,466,483,325,348,311,Latin America/Caribbean,5500,2010
Haiti,18,0,0,0,0,0,5,4,0,0,0,0,9,Latin America/Caribbean,5500,2010
Honduras,20,0,0,0,0,0,0,0,0,0,0,0,20,Latin America/Caribbean,5500,2010
Venezuela,3,0,3,0,0,0,0,0,0,0,0,0,0,Latin America/Caribbean,5500,2010
Afghanistan,515,29,32,41,86,86,64,48,66,29,0,9,25,Near East/South Asia,38000,2010
Algeria,2,0,0,0,0,0,0,0,0,0,0,0,2,Near East/South Asia,38000,2010
Bangladesh,2,0,0,0,0,0,0,2,0,0,0,0,0,Near East/South Asia,38000,2010
Bhutan,12363,1223,1378,1248,670,854,1259,1042,1001,1064,860,630,1134,Near East/South Asia,38000,2010
Egypt,15,5,4,3,0,0,0,1,0,0,0,2,0,Near East/South Asia,38000,2010
Iran,3543,231,344,412,301,331,382,437,307,259,96,284,159,Near East/South Asia,38000,2010
Iraq,18016,803,1299,1538,1506,1813,1774,1468,1688,1768,1179,1507,1673,Near East/South Asia,38000,2010
Jordan,7,0,0,3,0,0,2,0,0,0,0,0,2,Near East/South Asia,38000,2010
Kuwait,40,0,1,0,0,0,30,9,0,0,0,0,0,Near East/South Asia,38000,2010
Lebanon,2,2,0,0,0,0,0,0,0,0,0,0,0,Near East/South Asia,38000,2010
Libya,1,1,0,0,0,0,0,0,0,0,0,0,0,Near East/South Asia,38000,2010
Morocco,1,0,0,1,0,0,0,0,0,0,0,0,0,Near East/South Asia,38000,2010
Pakistan,59,9,0,7,0,7,10,3,15,0,0,5,3,Near East/South Asia,38000,2010
Palestine,1053,27,54,45,139,373,175,12,42,0,62,56,68,Near East/South Asia,38000,2010
Sri Lanka (Ceylon),118,11,4,8,8,13,10,2,20,17,1,19,5,Near East/South Asia,38000,2010
Syria,25,0,0,8,5,0,2,4,1,1,0,0,4,Near East/South Asia,38000,2010
Tunisia,1,0,0,0,0,0,1,0,0,0,0,0,0,Near East/South Asia,38000,2010
Turkey,3,0,0,0,0,0,0,0,0,0,3,0,0,Near East/South Asia,38000,2010
United Arab Emirates,1,0,0,0,0,0,0,1,0,0,0,0,0,Near East/South Asia,38000,2010
Yemen,15,11,0,0,0,0,1,2,0,1,0,0,0,Near East/South Asia,38000,2010
,,0,0,0,0,0,0,0,0,0,0,0,0,Unallocated Reserve Region,500,2010
Grand Totals,73311,5212,5717,6166,5407,6740,6588,5769,6378,6783,5805,5507,7239,Unallocated Reserve Region,500,2010
Angola,8,0,0,1,0,0,0,0,3,0,0,0,4,1,12000,2009
Burundi,762,34,90,115,67,42,69,4,18,4,41,95,183,1,12000,2009
Cameroon,4,2,0,0,0,0,0,0,2,0,0,0,0,1,12000,2009
Central,59,0,0,0,0,0,6,0,0,1,19,9,24,1,12000,2009
Chad,6,0,0,0,0,0,0,0,0,0,0,0,6,1,12000,2009
Congo,293,8,6,18,0,7,9,2,18,2,0,3,220,1,12000,2009
Dem._Rep.,1135,48,101,141,11,18,117,15,35,81,169,142,257,1,12000,2009
Djibouti,3,0,0,0,0,3,0,0,0,0,0,0,0,1,12000,2009
Equatorial,9,0,0,0,0,0,0,0,0,0,0,0,9,1,12000,2009
Eritrea,1571,24,19,119,78,74,50,26,12,88,261,227,593,1,12000,2009
Ethiopia,321,16,22,14,36,16,24,33,18,32,39,30,41,1,12000,2009
Gabon,1,0,0,0,0,0,0,0,1,0,0,0,0,1,12000,2009
Gambia,10,0,8,0,1,0,0,0,0,1,0,0,0,1,12000,2009
Ghana,1,0,0,0,0,0,0,0,1,0,0,0,0,1,12000,2009
Guinea,3,0,0,0,3,0,0,0,0,0,0,0,0,1,12000,2009
Ivory_Coast,9,0,0,0,0,0,0,2,5,1,0,0,1,1,12000,2009
Kenya,1,0,0,0,0,0,1,0,0,0,0,0,0,1,12000,2009
Liberia,385,4,13,3,32,26,14,20,37,23,11,18,184,1,12000,2009
Madagascar,3,0,0,0,0,0,0,0,0,0,0,3,0,1,12000,2009
Mauritania,16,0,11,0,0,0,0,5,0,0,0,0,0,1,12000,2009
Nigeria,3,0,2,0,0,0,0,0,0,1,0,0,0,1,12000,2009
Rwanda,111,13,8,13,5,10,9,1,13,2,8,1,28,1,12000,2009
Sierra_Leone,51,0,5,1,9,3,8,4,6,2,4,2,7,1,12000,2009
Somalia,4189,119,224,337,459,244,557,292,357,345,375,394,486,1,12000,2009
Sudan,683,38,11,38,19,38,110,74,79,98,50,55,73,1,12000,2009
Togo,14,0,10,0,0,0,0,0,0,0,0,4,0,1,12000,2009
Uganda,8,1,0,0,0,0,6,0,0,1,0,0,0,1,12000,2009
Zambia,1,0,0,0,0,0,1,0,0,0,0,0,0,1,12000,2009
Zimbabwe,10,0,4,0,0,0,0,0,6,0,0,0,0,1,12000,2009
Burma,18202,675,1091,375,1149,1537,1647,1675,2001,3026,1556,1268,2202,2,20500,2009
Cambodia,15,0,5,0,6,0,0,0,4,0,0,0,0,2,20500,2009
China,54,0,3,0,4,7,5,3,13,6,3,0,10,2,20500,2009
"Korea,_North",25,2,5,0,0,1,1,4,1,9,0,1,1,2,20500,2009
Laos,14,6,2,0,1,0,0,5,0,0,0,0,0,2,20500,2009
Thailand,2,0,0,0,0,0,0,1,0,0,0,0,1,2,20500,2009
Vietnam,1538,44,100,104,96,106,141,102,112,105,145,154,329,2,20500,2009
Albania,2,1,0,0,0,0,0,0,0,0,0,0,1,3,2500,2009
Armenia,4,0,0,0,0,0,2,1,1,0,0,0,0,3,2500,2009
Azerbaijan,38,7,0,5,7,0,3,2,3,4,0,0,7,3,2500,2009
Belarus,146,3,20,8,27,13,16,7,0,14,19,8,11,3,2500,2009
Estonia,2,0,0,0,0,0,0,0,0,2,0,0,0,3,2500,2009
Georgia,4,0,0,2,2,0,0,0,0,0,0,0,0,3,2500,2009
Kazakhstan,52,0,17,0,13,0,0,4,7,0,7,4,0,3,2500,2009
Kyrgyzstan,46,0,0,0,0,0,15,6,5,4,10,0,6,3,2500,2009
Latvia,2,0,1,0,0,0,1,0,0,0,0,0,0,3,2500,2009
Moldova,445,33,26,34,42,35,46,49,34,14,37,52,43,3,2500,2009
Russia,495,27,50,68,39,24,57,40,44,52,18,52,24,3,2500,2009
Turkmenista,8,0,0,0,0,1,0,0,0,0,0,0,7,3,2500,2009
Ukraine,601,48,59,54,27,68,31,43,52,46,64,68,41,3,2500,2009
Uzbekistan,152,13,2,1,0,11,20,51,17,8,13,12,4,3,2500,2009
Colombia,57,1,1,0,19,11,0,0,0,0,10,12,3,4,5500,2009
Cuba,4800,386,319,291,417,405,423,431,413,446,497,489,283,4,5500,2009
Afghanistan,349,33,34,46,21,28,36,30,24,11,30,7,49,5,39500,2009
Bhutan,13452,602,854,768,845,960,1067,1555,1260,1369,1121,1591,1460,5,39500,2009
Egypt,7,0,0,0,3,0,2,0,0,0,0,2,0,5,39500,2009
Iran,5381,401,256,274,551,426,498,687,583,455,310,468,472,5,39500,2009
Iraq,18838,705,738,1558,1405,1471,1888,1816,2056,1900,1661,1773,1867,5,39500,2009
Kuwait,7,0,3,0,0,0,0,0,0,0,0,0,4,5,39500,2009
Lebanon,1,0,0,0,0,1,0,0,0,0,0,0,0,5,39500,2009
Morocco,1,0,0,0,0,0,1,0,0,0,0,0,0,5,39500,2009
Nepal,7,0,0,0,0,0,1,3,2,0,1,0,0,5,39500,2009
Pakistan,67,0,0,0,1,5,4,0,0,1,12,14,30,5,39500,2009
Palestine,65,0,3,0,0,6,0,1,4,1,0,10,40,5,39500,2009
Sri_Lanka,33,0,0,0,3,1,5,6,2,8,1,0,7,5,39500,2009
Syria,25,0,0,1,7,0,0,1,6,0,0,5,5,5,39500,2009
Yemen,47,0,0,0,0,0,1,0,0,0,7,12,27,5,39500,2009
0,0,0,0,0,0,0,0,0,0,0,0,,,6,0,2009
Burundi,2889,95,69,397,652,568,237,67,13,254,162,149,226,Africa,16000,2008
Cameroon,2,0,2,0,0,0,0,0,0,0,0,0,0,Africa,16000,2008
Central African Republic,56,0,0,0,0,0,0,0,0,0,0,0,56,Africa,16000,2008
Chad,23,0,0,0,0,0,0,0,0,2,0,0,21,Africa,16000,2008
Congo,197,4,13,2,4,2,11,0,5,3,0,65,88,Africa,16000,2008
Dem. Rep. Congo,727,10,37,7,13,40,57,16,65,116,38,87,241,Africa,16000,2008
Eritrea,251,0,5,32,0,15,7,39,26,18,42,35,32,Africa,16000,2008
Ethiopia,299,2,32,57,24,7,58,18,9,7,8,19,58,Africa,16000,2008
Gambia,6,0,1,0,0,1,0,0,4,0,0,0,0,Africa,16000,2008
Guinea,3,0,0,0,0,2,0,0,0,0,0,1,0,Africa,16000,2008
Guinea - Bissau,2,0,0,0,0,0,0,0,0,0,0,2,0,Africa,16000,2008
Ivory Coast,30,0,0,0,0,12,9,0,8,0,1,0,0,Africa,16000,2008
Liberia,992,114,154,142,163,191,57,19,31,12,50,29,30,Africa,16000,2008
Mauritania,26,1,0,0,0,9,10,0,0,0,0,0,6,Africa,16000,2008
Nigeria,76,0,0,5,0,1,0,12,12,16,10,7,13,Africa,16000,2008
Rwanda,108,0,8,0,1,6,4,1,12,23,0,20,33,Africa,16000,2008
Senegal,1,0,0,0,0,0,0,0,0,0,0,1,0,Africa,16000,2008
Sierra Leone,99,3,14,7,2,3,9,6,6,1,26,7,15,Africa,16000,2008
Somalia,2523,70,180,255,124,58,217,242,231,190,65,129,762,Africa,16000,2008
Sudan,375,67,23,26,58,34,13,10,42,28,23,22,29,Africa,16000,2008
Tanzania,1,0,0,0,0,0,0,0,0,1,0,0,0,Africa,16000,2008
Togo,204,0,0,0,19,5,0,38,44,17,20,8,53,Africa,16000,2008
Uganda,42,14,1,0,0,0,0,0,2,0,0,0,25,Africa,16000,2008
Zimbabwe,3,0,0,0,0,0,0,0,0,0,2,0,1,Africa,16000,2008
Burma,18139,196,516,568,680,935,1902,1658,2165,2579,2504,2282,2154,East Asia,20000,2008
Cambodia,8,0,8,0,0,0,0,0,0,0,0,0,0,East Asia,20000,2008
China,43,7,8,2,5,7,1,3,1,0,6,3,0,East Asia,20000,2008
"Korea, North",37,2,2,2,0,0,6,5,5,8,6,1,0,East Asia,20000,2008
Laos,59,9,17,0,7,3,7,0,0,10,6,0,0,East Asia,20000,2008
Tibet,7,0,7,0,0,0,0,0,0,0,0,0,0,East Asia,20000,2008
Vietnam,1196,80,55,75,95,34,152,35,177,117,90,63,223,East Asia,20000,2008
Armenia,9,8,1,0,0,0,0,0,0,0,0,0,0,Europe,3000,2008
Azerbaijan,30,0,0,0,0,13,0,1,7,3,1,3,2,Europe,3000,2008
Belarus,111,0,10,11,10,2,21,3,4,24,7,7,12,Europe,3000,2008
Estonia,6,0,0,0,2,0,0,0,0,0,4,0,0,Europe,3000,2008
Georgia,20,0,0,0,0,0,0,0,13,1,5,0,1,Europe,3000,2008
Kazakhstan,62,0,0,0,6,12,0,23,0,13,0,5,3,Europe,3000,2008
Kyrgyzstan,25,7,2,0,0,0,0,0,2,5,6,3,0,Europe,3000,2008
Latvia,6,0,0,0,0,0,1,0,1,0,0,0,4,Europe,3000,2008
Moldova,487,27,46,65,25,7,14,16,38,57,63,66,63,Europe,3000,2008
Russia,426,25,40,46,22,27,44,28,23,37,45,41,48,Europe,3000,2008
Serbia,1,0,1,0,0,0,0,0,0,0,0,0,0,Europe,3000,2008
Tajikistan,2,0,1,0,0,0,0,0,1,0,0,0,0,Europe,3000,2008
Turkmenistan,2,0,0,0,0,0,2,0,0,0,0,0,0,Europe,3000,2008
Ukraine,1022,94,140,123,100,88,87,71,47,52,96,83,41,Europe,3000,2008
Uzbekistan,134,5,21,0,7,15,0,0,0,5,16,22,43,Europe,3000,2008
Colombia,94,0,40,0,0,3,0,13,5,0,0,2,31,Latin America/Caribbean,5000,2008
Cuba,4177,205,350,278,276,350,280,426,352,414,408,410,428,Latin America/Caribbean,5000,2008
Ecuador,3,3,0,0,0,0,0,0,0,0,0,0,0,Latin America/Caribbean,5000,2008
Venezuela,3,0,0,0,0,0,0,3,0,0,0,0,0,Latin America/Caribbean,5000,2008
Afghanistan,576,33,14,31,28,82,45,74,51,13,107,60,38,Near East/South Asia,28000,2008
Bhutan,5320,0,0,0,0,4,107,123,441,778,1277,922,1668,Near East/South Asia,28000,2008
Egypt,5,0,1,0,1,0,0,0,0,0,1,0,2,Near East/South Asia,28000,2008
Iran,5270,375,505,254,609,654,489,295,344,286,379,414,666,Near East/South Asia,28000,2008
Iraq,13822,450,362,245,375,444,751,974,1141,1721,2352,2184,2823,Near East/South Asia,28000,2008
Kuwait,1,0,0,0,0,0,0,0,0,0,0,0,1,Near East/South Asia,28000,2008
Lebanon,2,1,0,0,0,0,0,1,0,0,0,0,0,Near East/South Asia,28000,2008
Morocco,3,0,0,0,0,0,0,3,0,0,0,0,0,Near East/South Asia,28000,2008
Nepal,4,1,1,0,1,0,0,0,0,1,0,0,0,Near East/South Asia,28000,2008
Pakistan,104,1,9,9,12,1,24,1,7,24,12,0,4,Near East/South Asia,28000,2008
Palestine,9,9,0,0,0,0,0,0,0,0,0,0,0,Near East/South Asia,28000,2008
Sri Lanka (Ceylon),1,1,0,0,0,0,0,0,0,0,0,0,0,Near East/South Asia,28000,2008
Syria,24,0,8,1,0,5,0,2,0,0,6,0,2,Near East/South Asia,28000,2008
Turkey,6,0,0,0,0,0,0,0,0,0,0,0,6,Near East/South Asia,28000,2008
,,0,0,0,0,0,0,0,0,0,0,0,0,Unallocated Reserve Region,8000,2008
Grand Totals,60191,1919,2704,2640,3321,3640,4622,4226,5335,6836,7844,7152,9952,Unallocated Reserve Region,8000,2008
Angola,4,0,4,0,0,0,0,0,0,0,0,0,0,1,22000,2007
Benin,1,0,0,0,0,0,0,0,0,0,0,0,1,1,22000,2007
Burkina_Faso_(UVolta),6,0,0,0,0,0,0,0,0,0,0,0,6,1,22000,2007
Burundi,4545,26,8,14,2,7,72,0,479,985,1217,270,1465,1,22000,2007
Cameroon,5,0,0,0,1,0,0,3,0,0,0,0,1,1,22000,2007
Central_African_Republic,15,2,0,0,0,1,3,0,5,0,0,4,0,1,22000,2007
Chad,10,0,0,1,0,0,0,0,4,3,0,2,0,1,22000,2007
Congo,206,0,29,0,0,14,0,0,8,67,0,5,83,1,22000,2007
Dem._Rep._Congo,848,11,32,38,19,7,244,241,98,23,16,39,80,1,22000,2007
Equatorial_Guinea,14,0,13,0,0,0,0,0,0,1,0,0,0,1,22000,2007
Eritrea,963,74,53,27,26,10,20,7,19,8,155,381,183,1,22000,2007
Ethiopia,1028,14,77,82,17,109,148,114,107,105,79,60,116,1,22000,2007
Gambia,13,0,0,0,3,0,0,0,1,0,7,2,0,1,22000,2007
Ghana,4,0,0,1,0,0,0,0,1,0,0,0,2,1,22000,2007
Guinea,1,0,1,0,0,0,0,0,0,0,0,0,0,1,22000,2007
Ivory_Coast,11,0,0,4,1,0,1,0,0,0,2,0,3,1,22000,2007
Liberia,1606,21,68,105,210,192,227,165,153,74,70,44,277,1,22000,2007
Mauritania,62,0,31,0,0,0,6,0,0,0,0,14,11,1,22000,2007
Nigeria,20,0,0,0,8,3,0,1,1,0,6,1,0,1,22000,2007
Rwanda,202,0,12,8,39,0,34,10,37,9,18,15,20,1,22000,2007
Sierra_Leone,166,7,13,0,20,13,29,7,3,5,16,7,46,1,22000,2007
Somalia,6969,416,507,843,332,349,630,557,322,290,452,929,1342,1,22000,2007
Sudan,705,82,131,143,112,17,35,37,17,16,16,30,69,1,22000,2007
Togo,40,0,12,4,1,7,0,5,1,0,1,0,9,1,22000,2007
Uganda,38,0,0,7,3,0,6,4,5,3,0,4,6,1,22000,2007
Zimbabwe,1,0,0,0,0,0,0,0,1,0,0,0,0,1,22000,2007
Burma,13896,205,539,207,134,165,268,146,597,1559,2619,2553,4904,2,16000,2007
Cambodia,15,4,7,0,3,0,0,0,0,1,0,0,0,2,16000,2007
China,27,0,3,7,0,2,0,1,3,9,0,0,2,2,16000,2007
"Korea,_North",22,0,0,0,1,20,0,0,0,0,0,0,1,2,16000,2007
Laos,117,0,17,25,14,17,12,7,0,7,11,0,7,2,16000,2007
Thailand,2,0,0,0,0,0,0,0,0,0,2,0,0,2,16000,2007
Vietnam,1564,23,71,146,144,136,170,97,138,63,95,122,359,2,16000,2007
Armenia,29,1,1,4,6,9,3,0,0,0,0,0,5,3,6500,2007
Austria,1,0,1,0,0,0,0,0,0,0,0,0,0,3,6500,2007
Azerbaijan,78,19,11,12,2,0,7,7,7,5,1,7,0,3,6500,2007
Belarus,219,4,32,8,33,22,33,13,9,19,6,12,28,3,6500,2007
Bosnia_and_Herzegovina,2,0,0,0,0,0,0,0,1,0,0,0,1,3,6500,2007
Estonia,6,0,0,0,0,0,0,0,4,0,0,0,2,3,6500,2007
France,1,0,0,0,0,1,0,0,0,0,0,0,0,3,6500,2007
Georgia,7,0,3,0,0,0,0,0,3,1,0,0,0,3,6500,2007
Kazakhstan,45,0,18,0,11,0,11,0,0,4,0,0,1,3,6500,2007
Kyrgyzstan,17,6,0,2,0,0,0,0,0,0,2,0,7,3,6500,2007
Latvia,17,0,0,0,6,0,0,0,0,0,7,4,0,3,6500,2007
Lithuania,4,0,0,0,0,0,0,3,1,0,0,0,0,3,6500,2007
Moldova,565,33,51,27,59,59,72,64,46,27,48,31,48,3,6500,2007
Russia,1773,171,250,251,237,113,132,122,145,98,61,100,93,3,6500,2007
Turkmenistan,2,0,0,2,0,0,0,0,0,0,0,0,0,3,6500,2007
Ukraine,1605,101,230,179,171,91,117,116,124,73,133,116,154,3,6500,2007
Uzbekistan,190,6,34,14,0,48,23,25,4,0,0,4,32,3,6500,2007
Colombia,54,0,6,3,0,28,5,0,4,8,0,0,0,4,5000,2007
Cuba,2922,139,241,126,342,240,251,183,273,265,247,338,277,4,5000,2007
Afghanistan,441,34,55,17,20,22,7,7,57,7,75,22,118,5,9000,2007
Egypt,3,3,0,0,0,0,0,0,0,0,0,0,0,5,9000,2007
Iran,5481,264,764,447,389,350,254,117,182,711,773,600,630,5,9000,2007
Iraq,1608,8,9,17,15,11,8,1,1,63,57,529,889,5,9000,2007
Israel,1,0,0,0,0,1,0,0,0,0,0,0,0,5,9000,2007
Jordan,3,3,0,0,0,0,0,0,0,0,0,0,0,5,9000,2007
Kuwait,24,0,0,0,0,0,8,0,0,10,6,0,0,5,9000,2007
Nepal,3,0,0,0,1,1,0,0,0,0,1,0,0,5,9000,2007
Pakistan,30,0,4,6,0,0,2,0,0,0,2,0,16,5,9000,2007
Sri_Lanka_(Ceylon),2,0,0,0,0,0,0,0,2,0,0,0,0,5,9000,2007
Syria,17,0,0,0,0,0,8,0,4,0,0,5,0,5,9000,2007
Yemen,6,0,0,0,5,0,0,0,0,0,0,1,0,5,9000,2007
0,0,0,0,0,0,0,0,0,0,0,0,,,6,11500,2007
